layer,layer_size,training_time,layer_inference_time
nn_layer_1,20480,13.25634765625,12.073974609375
nn_layer_2,133120,13.58134765625,10.05390625
nn_layer_3,133120,14.3515625,9.76787109375
nn_layer_4,133120,12.5443359375,13.3918701171875
nn_layer_5,133120,12.43984375,10.7635986328125
nn_layer_6,133120,12.085498046875,12.8796630859375
nn_layer_7,133120,13.3465576171875,11.9434326171875
nn_layer_8,133120,14.2425537109375,12.0699951171875
nn_output_layer,2080,12.9941162109375,10.3606201171875
