Layer,Size (bits),Training Time (s),Inference Time (s)
nn_layer_1,40960,12.0564208984375,12.716552734375
nn_layer_2,264192,10.4592041015625,11.005029296875
nn_layer_3,66560,9.77724609375,10.5429443359375
nn_layer_4,16896,9.9736083984375,12.504052734375
nn_layer_5,8704,10.60078125,13.3468505859375
nn_layer_6,17408,13.1609130859375,13.24326171875
nn_layer_7,67584,12.3238525390625,11.581494140625
nn_layer_8,266240,11.3306640625,11.364990234375
nn_output_layer,4128,11.3809814453125,11.20302734375
