Layer,Size (bits),Training Time (s),Inference Time (s)
nn_layer_1,81920,13.2546630859375,11.7171142578125
nn_layer_2,1052672,10.557080078125,13.7510986328125
nn_layer_3,264192,10.4527587890625,14.43701171875
nn_layer_4,66560,9.904052734375,14.57685546875
nn_layer_5,16896,9.54716796875,13.3016357421875
nn_layer_6,4352,9.5,10.9238037109375
nn_layer_7,1152,9.9369384765625,12.9966064453125
nn_layer_8,320,11.42158203125,16.83115234375
nn_output_layer,96,11.3932861328125,14.7447998046875
