Layer,Size (bits),Training Time (s),Inference Time (s)
nn_layer_1,640,13.3390869140625,10.7863037109375
nn_layer_2,384,17.96572265625,11.9946533203125
nn_layer_3,1280,16.021484375,11.1408935546875
nn_layer_4,4608,13.90595703125,11.77568359375
nn_layer_5,17408,13.4985595703125,14.4248046875
nn_layer_6,67584,15.909423828125,11.693115234375
nn_layer_7,266240,14.89677734375,10.8125
nn_layer_8,1056768,15.36630859375,10.362353515625
nn_output_layer,8224,14.3280517578125,9.7326171875
